,HAR,LogHAR,HARQ,Lasso,ElasticNet,RF,GB,NN_2_e10
HAR,0.0,-1.5483502599408276,-2.062610069104075,-3.1374270983967962,-3.8901275884123363,-4.506074919304443,-3.7603258888667117,-1.4136964488714683
LogHAR,1.5483502599408276,0.0,0.5361039506990284,0.09041247705773814,0.31525958253351544,-4.458610466697703,-3.617549732039735,-0.9951118060731348
HARQ,2.062610069104075,-0.5361039506990284,0.0,-0.638659813781548,-0.38981909152534033,-4.4918491180528015,-3.734540640894723,-1.0756539145519333
Lasso,3.1374270983967962,-0.09041247705773814,0.638659813781548,0.0,0.702152995351345,-4.245614898867748,-3.3715788870542354,-0.8153812826737017
ElasticNet,3.8901275884123363,-0.31525958253351544,0.38981909152534033,-0.702152995351345,0.0,-4.381562904164939,-3.5648243593775586,-0.8937345940137681
RF,4.506074919304443,4.458610466697703,4.4918491180528015,4.245614898867748,4.381562904164939,0.0,3.5438802406473964,4.077248693468048
GB,3.7603258888667117,3.617549732039735,3.734540640894723,3.3715788870542354,3.5648243593775586,-3.5438802406473964,0.0,2.9327602642248243
NN_2_e10,1.4136964488714683,0.9951118060731348,1.0756539145519333,0.8153812826737017,0.8937345940137681,-4.077248693468048,-2.9327602642248243,0.0
