,HAR,LogHAR,HARQ,Lasso,ElasticNet,RF,GB,NN_2_e10
HAR,0.0,-0.627361238732761,0.1006504646008573,-2.0128086766389734,-1.509685019866392,-1.7780936138131804,-1.4931971060820473,-0.1895825902213286
LogHAR,0.627361238732761,0.0,0.5766672003290976,0.2108146768425533,0.3104976062969469,-1.5765141101459017,-1.232634732191927,0.12125285868965736
HARQ,-0.1006504646008573,-0.5766672003290976,0.0,-1.1656135445313587,-1.0983274144053388,-1.805711663186314,-1.5025058025172273,-0.21510863457206153
Lasso,2.0128086766389734,-0.2108146768425533,1.1656135445313587,0.0,0.6479698211423632,-1.7050782197058691,-1.3921274836235316,0.013926311250716068
ElasticNet,1.509685019866392,-0.3104976062969469,1.0983274144053388,-0.6479698211423632,0.0,-1.749529351722495,-1.447524957230471,-0.05497277849921832
RF,1.7780936138131804,1.5765141101459017,1.805711663186314,1.7050782197058691,1.749529351722495,0.0,1.578492723694446,1.777228462893806
GB,1.4931971060820473,1.232634732191927,1.5025058025172273,1.3921274836235316,1.447524957230471,-1.578492723694446,0.0,1.343909537969925
NN_2_e10,0.1895825902213286,-0.12125285868965736,0.21510863457206153,-0.013926311250716068,0.05497277849921832,-1.777228462893806,-1.343909537969925,0.0
