,HAR,LogHAR,HARQ,Lasso,ElasticNet,RF,GB,NN_2_e10
HAR,0.0,2.386349435770469,-2.7556895437659787,-3.881141606866509,-5.352248855531645,1.196844766609903,-1.0957563841885238,-0.20639256325678257
LogHAR,-2.386349435770469,0.0,-2.5507190861497997,-2.6906896773542877,-2.6333861063791195,-2.948424086837072,-1.6405945242600977,-6.961124979909166
HARQ,2.7556895437659787,2.5507190861497997,0.0,2.175652889881513,2.2695315753312872,2.0091631807816213,-0.6401432446095336,0.8359119041402701
Lasso,3.881141606866509,2.6906896773542877,-2.175652889881513,0.0,-0.9403440095470753,1.633285845624399,-1.0100321100620713,0.06604660256402364
ElasticNet,5.352248855531645,2.6333861063791195,-2.2695315753312872,0.9403440095470753,0.0,1.6262217330848208,-0.995464274417559,0.11566400096584069
RF,-1.196844766609903,2.948424086837072,-2.0091631807816213,-1.633285845624399,-1.6262217330848208,0.0,-1.3542238384367797,-1.5381729053206497
GB,1.0957563841885238,1.6405945242600977,0.6401432446095336,1.0100321100620713,0.995464274417559,1.3542238384367797,0.0,0.951221262948767
NN_2_e10,0.20639256325678257,6.961124979909166,-0.8359119041402701,-0.06604660256402364,-0.11566400096584069,1.5381729053206497,-0.951221262948767,0.0
