,HAR,LogHAR,HARQ,Lasso,ElasticNet,RF,GB,NN_2_e10
HAR,0.0,4.331526642495952,-1.4247936373899512,-5.1108448126579,-8.69862090937035,-2.312777096136631,-2.136739714632184,-4.166656863413264
LogHAR,-4.331526642495952,0.0,-3.959876289360234,-5.571483889594645,-6.034340036292694,-3.104163734032361,-2.481365690771184,-5.411126644991671
HARQ,1.4247936373899512,3.959876289360234,0.0,-1.2630913209125592,-0.4063586359225665,-1.8675773607714266,-1.9496756106443387,-0.6948674943784131
Lasso,5.1108448126579,5.571483889594645,1.2630913209125592,0.0,2.4053476804049696,-1.1708015972413166,-1.5870886984455217,1.1679434379631415
ElasticNet,8.69862090937035,6.034340036292694,0.4063586359225665,-2.4053476804049696,0.0,-1.6478104193886705,-1.8399949566533556,-1.2441503228635302
RF,2.312777096136631,3.104163734032361,1.8675773607714266,1.1708015972413166,1.6478104193886705,0.0,-1.2696232390094961,1.3531711664497719
GB,2.136739714632184,2.481365690771184,1.9496756106443387,1.5870886984455217,1.8399949566533556,1.2696232390094961,0.0,1.696797538402266
NN_2_e10,4.166656863413264,5.411126644991671,0.6948674943784131,-1.1679434379631415,1.2441503228635302,-1.3531711664497719,-1.696797538402266,0.0
