,HAR,LogHAR,HARQ,Lasso,ElasticNet,RF,GB,NN_2_e10
HAR,0.0,2.7139107879826887,-2.2634329030990044,2.222581425249331,-3.62556785303346,-0.9370976743678353,-0.7717987116948998,-0.7816414975425424
LogHAR,-2.7139107879826887,0.0,-2.612069574054961,-2.618285599276772,-2.9395685180711935,-1.4327247184605063,-1.5468351661014739,-3.9685553994506484
HARQ,2.2634329030990044,2.612069574054961,0.0,2.493001011344939,1.946636407934064,-0.42751897317209714,0.3407557983900112,1.1213084854899338
Lasso,-2.222581425249331,2.618285599276772,-2.493001011344939,0.0,-3.5365751758201656,-1.0521200604895407,-0.9759492443782266,-1.7793929951060217
ElasticNet,3.62556785303346,2.9395685180711935,-1.946636407934064,3.5365751758201656,0.0,-0.8564296755310581,-0.6382796730138777,-0.40117177205379867
RF,0.9370976743678353,1.4327247184605063,0.42751897317209714,1.0521200604895407,0.8564296755310581,0.0,0.9211443512407422,0.7436749770745803
GB,0.7717987116948998,1.5468351661014739,-0.3407557983900112,0.9759492443782266,0.6382796730138777,-0.9211443512407422,0.0,0.4797412359323585
NN_2_e10,0.7816414975425424,3.9685553994506484,-1.1213084854899338,1.7793929951060217,0.40117177205379867,-0.7436749770745803,-0.4797412359323585,0.0
